{
    "name": "root",
    "gauges": {
        "FullGame.Policy.Entropy.mean": {
            "value": 2.058152437210083,
            "min": 2.058152437210083,
            "max": 2.06400465965271,
            "count": 3
        },
        "FullGame.Policy.Entropy.sum": {
            "value": 20548.59375,
            "min": 12483.1005859375,
            "max": 20548.59375,
            "count": 3
        },
        "FullGame.Environment.EpisodeLength.mean": {
            "value": 351.82142857142856,
            "min": 166.53846153846155,
            "max": 351.82142857142856,
            "count": 3
        },
        "FullGame.Environment.EpisodeLength.sum": {
            "value": 9851.0,
            "min": 4330.0,
            "max": 9851.0,
            "count": 3
        },
        "FullGame.Step.mean": {
            "value": 18249949.0,
            "min": 18229970.0,
            "max": 18249949.0,
            "count": 3
        },
        "FullGame.Step.sum": {
            "value": 18249949.0,
            "min": 18229970.0,
            "max": 18249949.0,
            "count": 3
        },
        "FullGame.Policy.ExtrinsicValueEstimate.mean": {
            "value": 2.1441025733947754,
            "min": 2.1441025733947754,
            "max": 2.518359899520874,
            "count": 3
        },
        "FullGame.Policy.ExtrinsicValueEstimate.sum": {
            "value": 186.53692626953125,
            "min": 143.5465087890625,
            "max": 197.77093505859375,
            "count": 3
        },
        "FullGame.Environment.CumulativeReward.mean": {
            "value": 75.83073419111746,
            "min": 38.37576758367224,
            "max": 75.83073419111746,
            "count": 3
        },
        "FullGame.Environment.CumulativeReward.sum": {
            "value": 2047.4298231601715,
            "min": 997.7699571754783,
            "max": 2047.4298231601715,
            "count": 3
        },
        "FullGame.Policy.ExtrinsicReward.mean": {
            "value": 75.83073419111746,
            "min": 38.37576758367224,
            "max": 75.83073419111746,
            "count": 3
        },
        "FullGame.Policy.ExtrinsicReward.sum": {
            "value": 2047.4298231601715,
            "min": 997.7699571754783,
            "max": 2047.4298231601715,
            "count": 3
        },
        "FullGame.Losses.PolicyLoss.mean": {
            "value": 0.13220445060006347,
            "min": 0.13220445060006347,
            "max": 0.13792796160969104,
            "count": 3
        },
        "FullGame.Losses.PolicyLoss.sum": {
            "value": 3.569520166201714,
            "min": 1.7678793639518815,
            "max": 3.99991088668104,
            "count": 3
        },
        "FullGame.Losses.ValueLoss.mean": {
            "value": 6.145681619302354,
            "min": 5.1683942004196535,
            "max": 6.145681619302354,
            "count": 3
        },
        "FullGame.Losses.ValueLoss.sum": {
            "value": 165.93340372116356,
            "min": 67.18912460545549,
            "max": 168.16023843296824,
            "count": 3
        },
        "FullGame.Policy.LearningRate.mean": {
            "value": 0.0002890529607379032,
            "min": 0.0002890529607379032,
            "max": 0.0002890634482147492,
            "count": 3
        },
        "FullGame.Policy.LearningRate.sum": {
            "value": 0.007804429939923386,
            "min": 0.00375782482679174,
            "max": 0.008382710635363156,
            "count": 3
        },
        "FullGame.Policy.Epsilon.mean": {
            "value": 0.19635098569629628,
            "min": 0.19635098569629628,
            "max": 0.1963544815230769,
            "count": 3
        },
        "FullGame.Policy.Epsilon.sum": {
            "value": 5.301476613799999,
            "min": 2.5526082598,
            "max": 5.6942368432000015,
            "count": 3
        },
        "FullGame.Policy.Beta.mean": {
            "value": 0.004817914186245186,
            "min": 0.004817914186245186,
            "max": 0.004818088628001538,
            "count": 3
        },
        "FullGame.Policy.Beta.sum": {
            "value": 0.13008368302862003,
            "min": 0.06263515216401999,
            "max": 0.13972241847568,
            "count": 3
        },
        "FullGame.IsTraining.mean": {
            "value": 1.0,
            "min": 1.0,
            "max": 1.0,
            "count": 3
        },
        "FullGame.IsTraining.sum": {
            "value": 1.0,
            "min": 1.0,
            "max": 1.0,
            "count": 3
        }
    },
    "metadata": {
        "timer_format_version": "0.1.0",
        "start_time_seconds": "1640173248",
        "python_version": "3.7.11 (default, Jul 27 2021, 09:42:29) [MSC v.1916 64 bit (AMD64)]",
        "command_line_arguments": "C:\\Users\\mhaag\\anaconda3\\envs\\dl\\Scripts\\mlagents-learn trainingconfigs\\ppo_basic.yaml --run-id=17_12_we --resume",
        "mlagents_version": "0.27.0",
        "mlagents_envs_version": "0.27.0",
        "communication_protocol_version": "1.5.0",
        "pytorch_version": "1.7.0+cu110",
        "numpy_version": "1.19.5",
        "end_time_seconds": "1640173478"
    },
    "total": 230.18759569999997,
    "count": 1,
    "self": 0.04004969999996888,
    "children": {
        "run_training.setup": {
            "total": 0.4647712999999989,
            "count": 1,
            "self": 0.4647712999999989
        },
        "TrainerController.start_learning": {
            "total": 229.6827747,
            "count": 1,
            "self": 0.08978589999932751,
            "children": {
                "TrainerController._reset_env": {
                    "total": 106.601414,
                    "count": 1,
                    "self": 106.601414
                },
                "TrainerController.advance": {
                    "total": 90.75884550000069,
                    "count": 3526,
                    "self": 0.10554929999935325,
                    "children": {
                        "env_step": {
                            "total": 58.304571700000025,
                            "count": 3526,
                            "self": 39.69453250000038,
                            "children": {
                                "SubprocessEnvManager._take_step": {
                                    "total": 18.55311169999922,
                                    "count": 3526,
                                    "self": 0.30778050000057533,
                                    "children": {
                                        "TorchPolicy.evaluate": {
                                            "total": 18.245331199998645,
                                            "count": 3467,
                                            "self": 3.630495899998749,
                                            "children": {
                                                "TorchPolicy.sample_actions": {
                                                    "total": 14.614835299999896,
                                                    "count": 3467,
                                                    "self": 14.614835299999896
                                                }
                                            }
                                        }
                                    }
                                },
                                "workers": {
                                    "total": 0.05692750000042679,
                                    "count": 3525,
                                    "self": 0.0,
                                    "children": {
                                        "worker_root": {
                                            "total": 186.2855294000006,
                                            "count": 3525,
                                            "is_parallel": true,
                                            "self": 151.65877770000077,