{
    "name": "root",
    "gauges": {
        "FullGame.Policy.Entropy.mean": {
            "value": 0.5325068235397339,
            "min": 0.07126262784004211,
            "max": 0.9808304309844971,
            "count": 637
        },
        "FullGame.Policy.Entropy.sum": {
            "value": 5329.328125,
            "min": 428.7766418457031,
            "max": 9698.451171875,
            "count": 637
        },
        "FullGame.Environment.EpisodeLength.mean": {
            "value": 180.0,
            "min": 120.45945945945945,
            "max": 358.7931034482759,
            "count": 637
        },
        "FullGame.Environment.EpisodeLength.sum": {
            "value": 9720.0,
            "min": 4777.0,
            "max": 11783.0,
            "count": 637
        },
        "FullGame.Step.mean": {
            "value": 15609997.0,
            "min": 9249896.0,
            "max": 15609997.0,
            "count": 637
        },
        "FullGame.Step.sum": {
            "value": 15609997.0,
            "min": 9249896.0,
            "max": 15609997.0,
            "count": 637
        },
        "FullGame.Policy.ExtrinsicValueEstimate.mean": {
            "value": 4.515396595001221,
            "min": -0.3491935431957245,
            "max": 5.743874549865723,
            "count": 637
        },
        "FullGame.Policy.ExtrinsicValueEstimate.sum": {
            "value": 469.60125732421875,
            "min": -31.776613235473633,
            "max": 639.29248046875,
            "count": 637
        },
        "FullGame.Environment.CumulativeReward.mean": {
            "value": 104.76493157832711,
            "min": -29.88568485244399,
            "max": 146.61349638924003,
            "count": 637
        },
        "FullGame.Environment.CumulativeReward.sum": {
            "value": 5657.306305229664,
            "min": -1255.1987638026476,
            "max": 5864.539855569601,
            "count": 637
        },
        "FullGame.Policy.ExtrinsicReward.mean": {
            "value": 104.76493157832711,
            "min": -29.88568485244399,
            "max": 146.61349638924003,
            "count": 637
        },
        "FullGame.Policy.ExtrinsicReward.sum": {
            "value": 5657.306305229664,
            "min": -1255.1987638026476,
            "max": 5864.539855569601,
            "count": 637
        },
        "FullGame.Losses.PolicyLoss.mean": {
            "value": 0.13577669735910822,
            "min": 0.1233487669689401,
            "max": 0.1471149450699265,
            "count": 637
        },
        "FullGame.Losses.PolicyLoss.sum": {
            "value": 4.209077618132355,
            "min": 2.1814675093073435,
            "max": 4.6194840849447765,
            "count": 637
        },
        "FullGame.Losses.ValueLoss.mean": {
            "value": 85.33468572317071,
            "min": 16.78621382250024,
            "max": 131.88540334717806,
            "count": 637
        },
        "FullGame.Losses.ValueLoss.sum": {
            "value": 2645.3752574182918,
            "min": 470.0139870300067,
            "max": 4184.726082226724,
            "count": 637
        },
        "FullGame.Policy.LearningRate.mean": {
            "value": 0.00029063700672099876,
            "min": 0.00029063700672099876,
            "max": 0.0002944516267994583,
            "count": 637
        },
        "FullGame.Policy.LearningRate.sum": {
            "value": 0.009009747208350962,
            "min": 0.004711226028791333,
            "max": 0.009696356187081295,
            "count": 637
        },
        "FullGame.Policy.Epsilon.mean": {
            "value": 0.19687900120000004,
            "min": 0.19687900120000004,
            "max": 0.19815054165,
            "count": 637
        },
        "FullGame.Policy.Epsilon.sum": {
            "value": 6.103249037200001,
            "min": 3.1704086664,
            "max": 6.5321187064,
            "count": 637
        },
        "FullGame.Policy.Beta.mean": {
            "value": 0.004844262159880001,
            "min": 0.004844262159880001,
            "max": 0.004907712028335,
            "count": 637
        },
        "FullGame.Policy.Beta.sum": {
            "value": 0.15017212695628002,
            "min": 0.07852339245336,
            "max": 0.16161272344936,
            "count": 637
        },
        "FullGame.IsTraining.mean": {
            "value": 1.0,
            "min": 1.0,
            "max": 1.0,
            "count": 637
        },
        "FullGame.IsTraining.sum": {
            "value": 1.0,
            "min": 1.0,
            "max": 1.0,
            "count": 637
        }
    },
    "metadata": {
        "timer_format_version": "0.1.0",
        "start_time_seconds": "1638872235",
        "python_version": "3.7.11 (default, Jul 27 2021, 09:42:29) [MSC v.1916 64 bit (AMD64)]",
        "command_line_arguments": "C:\\Users\\mhaag\\anaconda3\\envs\\dl\\Scripts\\mlagents-learn trainingconfigs\\ppo_small.yaml --run-id=7_12_small_centered --resume",
        "mlagents_version": "0.27.0",
        "mlagents_envs_version": "0.27.0",
        "communication_protocol_version": "1.5.0",
        "pytorch_version": "1.7.0+cu110",
        "numpy_version": "1.19.5",
        "end_time_seconds": "1638896578"
    },
    "total": 24343.021708700002,
    "count": 1,
    "self": 0.010899000000790693,
    "children": {
        "run_training.setup": {
            "total": 0.1584395999999999,
            "count": 1,
            "self": 0.1584395999999999
        },
        "TrainerController.start_learning": {
            "total": 24342.8523701,
            "count": 1,
            "self": 17.23761730109254,
            "children": {
                "TrainerController._reset_env": {
                    "total": 27.6459673,
                    "count": 1,
                    "self": 27.6459673
                },
                "TrainerController.advance": {
                    "total": 24297.80705949891,
                    "count": 812440,
                    "self": 18.243269699098164,
                    "children": {
                        "env_step": {
                            "total": 18098.628082999305,
                            "count": 812440,
                            "self": 16223.175605399365,
                            "children": {
                                "SubprocessEnvManager._take_step": {
                                    "total": 1864.792137499927,
                                    "count": 812440,
                                    "self": 51.57073430045034,
                                    "children": {
                                        "TorchPolicy.evaluate": {
                                            "total": 1813.2214031994768,
                                            "count": 796451,
                                            "self": 734.1044534000803,
                                            "children": {
                                                "TorchPolicy.sample_actions": {
                                                    "total": 1079.1169497993965,
                                                    "count": 796451,
                                                    "self": 1079.1169497993965
                                                }
                                            }
                                        }
                                    }
                                },
                                "workers": {
                                    "total": 10.660340100013059,
                                    "count": 812439,
                                    "self": 0.0,
                                    "children": {
                                        "worker_root": {
                                            "total": 24296.72394799935,
                                            "count": 812439,
                                            "is_parallel": true,