{
    "name": "root",
    "gauges": {
        "FullGame.Policy.Entropy.mean": {
            "value": 0.6325773596763611,
            "min": 0.181803897023201,
            "max": 1.608627438545227,
            "count": 1717
        },
        "FullGame.Policy.Entropy.sum": {
            "value": 1224.6697998046875,
            "min": 354.8811950683594,
            "max": 4092.34814453125,
            "count": 1717
        },
        "FullGame.Environment.EpisodeLength.mean": {
            "value": 371.3333333333333,
            "min": 148.66666666666666,
            "max": 499.0,
            "count": 1714
        },
        "FullGame.Environment.EpisodeLength.sum": {
            "value": 2228.0,
            "min": 182.0,
            "max": 4129.0,
            "count": 1714
        },
        "FullGame.Step.mean": {
            "value": 3433878.0,
            "min": 1976.0,
            "max": 3433878.0,
            "count": 1717
        },
        "FullGame.Step.sum": {
            "value": 3433878.0,
            "min": 1976.0,
            "max": 3433878.0,
            "count": 1717
        },
        "FullGame.Policy.ExtrinsicValueEstimate.mean": {
            "value": 0.008135141804814339,
            "min": -0.025637183338403702,
            "max": 0.0743253082036972,
            "count": 1717
        },
        "FullGame.Policy.ExtrinsicValueEstimate.sum": {
            "value": 0.1464325487613678,
            "min": -0.43583211302757263,
            "max": 1.337855577468872,
            "count": 1717
        },
        "FullGame.Environment.CumulativeReward.mean": {
            "value": 0.2666666656732559,
            "min": -0.4333333546916644,
            "max": 0.9800000190734863,
            "count": 1709
        },
        "FullGame.Environment.CumulativeReward.sum": {
            "value": 1.5999999940395355,
            "min": -3.619999911636114,
            "max": 2.980000000447035,
            "count": 1709
        },
        "FullGame.Policy.ExtrinsicReward.mean": {
            "value": 0.2666666656732559,
            "min": -0.4333333546916644,
            "max": 0.9800000190734863,
            "count": 1709
        },
        "FullGame.Policy.ExtrinsicReward.sum": {
            "value": 1.5999999940395355,
            "min": -3.619999911636114,
            "max": 2.980000000447035,
            "count": 1709
        },
        "FullGame.Losses.PolicyLoss.mean": {
            "value": 0.12833989581511818,
            "min": 0.10602208126637369,
            "max": 0.16148985232217145,
            "count": 1717
        },
        "FullGame.Losses.PolicyLoss.sum": {
            "value": 0.7700393748907091,
            "min": 0.29019068430732053,
            "max": 0.9477796781798731,
            "count": 1717
        },
        "FullGame.Losses.ValueLoss.mean": {
            "value": 0.000861580399322031,
            "min": 4.238157166672897e-08,
            "max": 0.01071650428863197,
            "count": 1717
        },
        "FullGame.Losses.ValueLoss.sum": {
            "value": 0.005169482395932186,
            "min": 2.1190785833364486e-07,
            "max": 0.05358252144315985,
            "count": 1717
        },
        "FullGame.Policy.LearningRate.mean": {
            "value": 0.00027940302286566125,
            "min": 0.00027940302286566125,
            "max": 0.00029999170500276504,
            "count": 1717
        },
        "FullGame.Policy.LearningRate.sum": {
            "value": 0.0016764181371939674,
            "min": 0.0005999834100055301,
            "max": 0.0017997506700831098,
            "count": 1717
        },
        "FullGame.Policy.Epsilon.mean": {
            "value": 0.19313433866666666,
            "min": 0.19313433866666666,
            "max": 0.19999723500000005,
            "count": 1717
        },
        "FullGame.Policy.Epsilon.sum": {
            "value": 1.158806032,
            "min": 0.3999944700000001,
            "max": 1.1999168900000001,
            "count": 1717
        },
        "FullGame.Policy.Beta.mean": {
            "value": 0.004657403499466668,
            "min": 0.004657403499466668,
            "max": 0.0049998620265,
            "count": 1717
        },
        "FullGame.Policy.Beta.sum": {
            "value": 0.027944420996800005,
            "min": 0.009999724053,
            "max": 0.029995852811,
            "count": 1717
        },
        "FullGame.IsTraining.mean": {
            "value": 1.0,
            "min": 1.0,
            "max": 1.0,
            "count": 1717
        },
        "FullGame.IsTraining.sum": {
            "value": 1.0,
            "min": 1.0,
            "max": 1.0,
            "count": 1717
        }
    },
    "metadata": {
        "timer_format_version": "0.1.0",
        "start_time_seconds": "1637249505",
        "python_version": "3.7.11 (default, Jul 27 2021, 09:42:29) [MSC v.1916 64 bit (AMD64)]",
        "command_line_arguments": "C:\\Users\\mhaag\\anaconda3\\envs\\dl\\Scripts\\mlagents-learn trainingconfigs\\ppo_basic.yaml --run-id=18_11_nr2",
        "mlagents_version": "0.27.0",
        "mlagents_envs_version": "0.27.0",
        "communication_protocol_version": "1.5.0",
        "pytorch_version": "1.7.0+cu110",
        "numpy_version": "1.19.5",
        "end_time_seconds": "1637260596"
    },
    "total": 11090.8415706,
    "count": 1,
    "self": 0.008241700001235586,
    "children": {
        "run_training.setup": {
            "total": 0.14284990000000009,
            "count": 1,
            "self": 0.14284990000000009
        },
        "TrainerController.start_learning": {
            "total": 11090.690478999999,
            "count": 1,
            "self": 8.766371399886339,
            "children": {
                "TrainerController._reset_env": {
                    "total": 44.560299,
                    "count": 1,
                    "self": 44.560299
                },
                "TrainerController.advance": {
                    "total": 11037.214369200112,
                    "count": 433496,
                    "self": 9.193732800158614,
                    "children": {
                        "env_step": {
                            "total": 7276.471773799673,
                            "count": 433496,
                            "self": 6276.356230199964,
                            "children": {
                                "SubprocessEnvManager._take_step": {
                                    "total": 994.5094958997906,
                                    "count": 433496,
                                    "self": 26.14524650032024,
                                    "children": {
                                        "TorchPolicy.evaluate": {
                                            "total": 968.3642493994704,
                                            "count": 429434,
                                            "self": 378.40041899956975,
                                            "children": {
                                                "TorchPolicy.sample_actions": {
                                                    "total": 589.9638303999006,
                                                    "count": 429434,
                                                    "self": 589.9638303999006
                                                }
                                            }
                                        }
                                    }
                                },
                                "workers": {
                                    "total": 5.606047699919252,
                                    "count": 433495,
                                    "self": 0.0,
                                    "children": {
                                        "worker_root": {
                                            "total": 11038.65765610061,
                                            "count": 433495,