{
    "name": "root",
    "gauges": {
        "FullGame.Policy.Entropy.mean": {
            "value": 0.18962247669696808,
            "min": 0.17117206752300262,
            "max": 0.3585354685783386,
            "count": 61
        },
        "FullGame.Policy.Entropy.sum": {
            "value": 1896.2247314453125,
            "min": 1708.98193359375,
            "max": 3585.354736328125,
            "count": 61
        },
        "FullGame.Environment.EpisodeLength.mean": {
            "value": 7.594153052450559,
            "min": 7.453547297297297,
            "max": 7.852967227635076,
            "count": 61
        },
        "FullGame.Environment.EpisodeLength.sum": {
            "value": 8832.0,
            "min": 6398.0,
            "max": 8866.0,
            "count": 61
        },
        "FullGame.Step.mean": {
            "value": 879994.0,
            "min": 279990.0,
            "max": 879994.0,
            "count": 61
        },
        "FullGame.Step.sum": {
            "value": 879994.0,
            "min": 279990.0,
            "max": 879994.0,
            "count": 61
        },
        "FullGame.Policy.ExtrinsicValueEstimate.mean": {
            "value": 0.6865583062171936,
            "min": 0.6761955618858337,
            "max": 0.6907119750976562,
            "count": 61
        },
        "FullGame.Policy.ExtrinsicValueEstimate.sum": {
            "value": 798.46728515625,
            "min": 562.173583984375,
            "max": 816.0643310546875,
            "count": 61
        },
        "FullGame.Environment.CumulativeReward.mean": {
            "value": 0.9620292413265461,
            "min": 0.9607351686808786,
            "max": 0.962734580191131,
            "count": 61
        },
        "FullGame.Environment.CumulativeReward.sum": {
            "value": 1118.8400076627731,
            "min": 795.055005133152,
            "max": 1138.915008366108,
            "count": 61
        },
        "FullGame.Policy.ExtrinsicReward.mean": {
            "value": 0.9620292413265461,
            "min": 0.9607351686808786,
            "max": 0.962734580191131,
            "count": 61
        },
        "FullGame.Policy.ExtrinsicReward.sum": {
            "value": 1118.8400076627731,
            "min": 795.055005133152,
            "max": 1138.915008366108,
            "count": 61
        },
        "FullGame.Losses.PolicyLoss.mean": {
            "value": 0.1345471058596383,
            "min": 0.12329442545734838,
            "max": 0.1420847476631599,
            "count": 61
        },
        "FullGame.Losses.PolicyLoss.sum": {
            "value": 5.112790022666256,
            "min": 3.7553561185486615,
            "max": 5.399220411200076,
            "count": 61
        },
        "FullGame.Losses.ValueLoss.mean": {
            "value": 0.0006870880873688486,
            "min": 0.0006660949421577817,
            "max": 0.005950216314594411,
            "count": 61
        },
        "FullGame.Losses.ValueLoss.sum": {
            "value": 0.026109347320016244,
            "min": 0.025311607801995706,
            "max": 0.17938936078280676,
            "count": 61
        },
        "FullGame.Policy.LearningRate.mean": {
            "value": 0.0002994750367591983,
            "min": 0.0002994750367591983,
            "max": 0.00029983413487751054,
            "count": 61
        },
        "FullGame.Policy.LearningRate.sum": {
            "value": 0.011380051396849535,
            "min": 0.008095521641692785,
            "max": 0.011683503239498919,
            "count": 61
        },
        "FullGame.Policy.Epsilon.mean": {
            "value": 0.19982501219473683,
            "min": 0.19982501219473683,
            "max": 0.19994471160740743,
            "count": 61
        },
        "FullGame.Policy.Epsilon.sum": {
            "value": 7.5933504634,
            "min": 5.3985072134,
            "max": 7.7945010780000015,
            "count": 61
        },
        "FullGame.Policy.Beta.mean": {
            "value": 0.004991268108517368,
            "min": 0.004991268108517368,
            "max": 0.00499724110920963,
            "count": 61
        },
        "FullGame.Policy.Beta.sum": {
            "value": 0.18966818812366,
            "min": 0.13492550994866,
            "max": 0.19472560379220002,
            "count": 61
        },
        "FullGame.IsTraining.mean": {
            "value": 1.0,
            "min": 1.0,
            "max": 1.0,
            "count": 61
        },
        "FullGame.IsTraining.sum": {
            "value": 1.0,
            "min": 1.0,
            "max": 1.0,
            "count": 61
        }
    },
    "metadata": {
        "timer_format_version": "0.1.0",
        "start_time_seconds": "1637899251",
        "python_version": "3.7.11 (default, Jul 27 2021, 09:42:29) [MSC v.1916 64 bit (AMD64)]",
        "command_line_arguments": "C:\\Users\\mhaag\\anaconda3\\envs\\dl\\Scripts\\mlagents-learn trainingconfigs\\ppo_small.yaml --run-id=25_11_small_reaching --resume",
        "mlagents_version": "0.27.0",
        "mlagents_envs_version": "0.27.0",
        "communication_protocol_version": "1.5.0",
        "pytorch_version": "1.7.0+cu110",
        "numpy_version": "1.19.5",
        "end_time_seconds": "1637901113"
    },
    "total": 1862.0493426,
    "count": 1,
    "self": 0.005950099999836311,
    "children": {
        "run_training.setup": {
            "total": 0.1456522,
            "count": 1,
            "self": 0.1456522
        },
        "TrainerController.start_learning": {
            "total": 1861.8977403000001,
            "count": 1,
            "self": 2.5426427000040803,
            "children": {
                "TrainerController._reset_env": {
                    "total": 21.1949567,
                    "count": 1,
                    "self": 21.1949567
                },
                "TrainerController.advance": {
                    "total": 1838.0586214999962,
                    "count": 107741,
                    "self": 2.4513394000287008,
                    "children": {
                        "env_step": {
                            "total": 1122.917446499994,
                            "count": 107741,
                            "self": 943.9253096999477,
                            "children": {
                                "SubprocessEnvManager._take_step": {
                                    "total": 177.61492070002063,
                                    "count": 107741,
                                    "self": 5.256882300036892,
                                    "children": {
                                        "TorchPolicy.evaluate": {
                                            "total": 172.35803839998374,
                                            "count": 76267,
                                            "self": 69.22185939997337,
                                            "children": {
                                                "TorchPolicy.sample_actions": {
                                                    "total": 103.13617900001037,
                                                    "count": 76267,
                                                    "self": 103.13617900001037
                                                }
                                            }
                                        }
                                    }
                                },
                                "workers": {
                                    "total": 1.3772161000256524,
                                    "count": 107740,
                                    "self": 0.0,
                                    "children": {
                                        "worker_root": {
                                            "total": 1841.5388056000024,
                                            "count": 107740,
                                            "is_parallel": true,