{
    "name": "root",
    "gauges": {
        "FullGame.Policy.Entropy.mean": {
            "value": 0.14205986261367798,
            "min": 0.1059565618634224,
            "max": 0.7645187973976135,
            "count": 1233
        },
        "FullGame.Policy.Entropy.sum": {
            "value": 1422.87158203125,
            "min": 1069.7374267578125,
            "max": 7480.0517578125,
            "count": 1233
        },
        "FullGame.Environment.EpisodeLength.mean": {
            "value": 128.7037037037037,
            "min": 97.78,
            "max": 352.86206896551727,
            "count": 1233
        },
        "FullGame.Environment.EpisodeLength.sum": {
            "value": 10425.0,
            "min": 4214.0,
            "max": 11561.0,
            "count": 1233
        },
        "FullGame.Step.mean": {
            "value": 26229907.0,
            "min": 13909950.0,
            "max": 26229907.0,
            "count": 1233
        },
        "FullGame.Step.sum": {
            "value": 26229907.0,
            "min": 13909950.0,
            "max": 26229907.0,
            "count": 1233
        },
        "FullGame.Policy.ExtrinsicValueEstimate.mean": {
            "value": 1.7246596813201904,
            "min": -0.10732617229223251,
            "max": 3.1393721103668213,
            "count": 1233
        },
        "FullGame.Policy.ExtrinsicValueEstimate.sum": {
            "value": 206.95916748046875,
            "min": -9.552029609680176,
            "max": 343.9243469238281,
            "count": 1233
        },
        "FullGame.Environment.CumulativeReward.mean": {
            "value": 24.46926823368779,
            "min": -12.910287173355327,
            "max": 68.72778952524469,
            "count": 1233
        },
        "FullGame.Environment.CumulativeReward.sum": {
            "value": 1982.010726928711,
            "min": -438.9497638940811,
            "max": 3007.7035270929337,
            "count": 1233
        },
        "FullGame.Policy.ExtrinsicReward.mean": {
            "value": 24.46926823368779,
            "min": -12.910287173355327,
            "max": 68.72778952524469,
            "count": 1233
        },
        "FullGame.Policy.ExtrinsicReward.sum": {
            "value": 1982.010726928711,
            "min": -438.9497638940811,
            "max": 3007.7035270929337,
            "count": 1233
        },
        "FullGame.Losses.PolicyLoss.mean": {
            "value": 0.13540106516653003,
            "min": 0.12182919954295468,
            "max": 0.14820101366858476,
            "count": 1233
        },
        "FullGame.Losses.PolicyLoss.sum": {
            "value": 4.197433020162431,
            "min": 2.0748141913601867,
            "max": 4.671046537183921,
            "count": 1233
        },
        "FullGame.Losses.ValueLoss.mean": {
            "value": 26.917758015269783,
            "min": 4.0958226507915985,
            "max": 28.288400531944,
            "count": 1233
        },
        "FullGame.Losses.ValueLoss.sum": {
            "value": 834.4504984733633,
            "min": 114.68303422216476,
            "max": 919.1179951672603,
            "count": 1233
        },
        "FullGame.Policy.LearningRate.mean": {
            "value": 0.00028426504304498735,
            "min": 0.00028426504304498735,
            "max": 0.000291655462795799,
            "count": 1233
        },
        "FullGame.Policy.LearningRate.sum": {
            "value": 0.008812216334394609,
            "min": 0.004083176479141186,
            "max": 0.009812704887098412,
            "count": 1233
        },
        "FullGame.Policy.Epsilon.mean": {
            "value": 0.19475501260000003,
            "min": 0.19475501260000003,
            "max": 0.19721848667142858,
            "count": 1233
        },
        "FullGame.Policy.Epsilon.sum": {
            "value": 6.037405390600001,
            "min": 2.7610588134,
            "max": 6.670901586,
            "count": 1233
        },
        "FullGame.Policy.Beta.mean": {
            "value": 0.0047382751287400006,
            "min": 0.0047382751287400006,
            "max": 0.004861202484904286,
            "count": 1233
        },
        "FullGame.Policy.Beta.sum": {
            "value": 0.14688652899094,
            "min": 0.06805683478866001,
            "max": 0.16355798914140002,
            "count": 1233
        },
        "FullGame.IsTraining.mean": {
            "value": 1.0,
            "min": 1.0,
            "max": 1.0,
            "count": 1233
        },
        "FullGame.IsTraining.sum": {
            "value": 1.0,
            "min": 1.0,
            "max": 1.0,
            "count": 1233
        }
    },
    "metadata": {
        "timer_format_version": "0.1.0",
        "start_time_seconds": "1638476323",
        "python_version": "3.7.11 (default, Jul 27 2021, 09:42:29) [MSC v.1916 64 bit (AMD64)]",
        "command_line_arguments": "C:\\Users\\mhaag\\anaconda3\\envs\\dl\\Scripts\\mlagents-learn trainingconfigs\\ppo_small.yaml --run-id=2_12_small_forward_full_negstep --resume",
        "mlagents_version": "0.27.0",
        "mlagents_envs_version": "0.27.0",
        "communication_protocol_version": "1.5.0",
        "pytorch_version": "1.7.0+cu110",
        "numpy_version": "1.19.5",
        "end_time_seconds": "1638535674"
    },
    "total": 59351.316634999996,
    "count": 1,
    "self": 0.007243199994263705,
    "children": {
        "run_training.setup": {
            "total": 0.15364599999999995,
            "count": 1,
            "self": 0.15364599999999995
        },
        "TrainerController.start_learning": {
            "total": 59351.1557458,
            "count": 1,
            "self": 32.59206410195475,
            "children": {
                "TrainerController._reset_env": {
                    "total": 11.1875992,
                    "count": 1,
                    "self": 11.1875992
                },
                "TrainerController.advance": {
                    "total": 59307.28093209805,
                    "count": 1582048,
                    "self": 33.69881520207127,
                    "children": {
                        "env_step": {
                            "total": 47925.99419899793,
                            "count": 1582048,
                            "self": 44520.92524979434,
                            "children": {
                                "SubprocessEnvManager._take_step": {
                                    "total": 3385.0393806000943,
                                    "count": 1582048,
                                    "self": 95.27516889839853,
                                    "children": {
                                        "TorchPolicy.evaluate": {
                                            "total": 3289.764211701696,
                                            "count": 1541478,
                                            "self": 1313.6376449986014,
                                            "children": {
                                                "TorchPolicy.sample_actions": {
                                                    "total": 1976.1265667030943,
                                                    "count": 1541478,
                                                    "self": 1976.1265667030943
                                                }
                                            }
                                        }
                                    }
                                },
                                "workers": {
                                    "total": 20.029568603493356,
                                    "count": 1582047,
                                    "self": 0.0,
                                    "children": {
                                        "worker_root": {
                                            "total": 59302.336022305055,
                                            "count": 1582047,