{"count":1,"self":63.0481664,"total":765.5450903,"children":{"InitializeActuators":{"count":8,"self":0.0019952999999999998,"total":0.0019952999999999998,"children":null},"InitializeSensors":{"count":8,"self":0.0019946,"total":0.0019946,"children":null},"AgentSendState":{"count":74434,"self":1.8507335999999999,"total":7.9404357999999995,"children":{"CollectObservations":{"count":297736,"self":0.7494166,"total":0.7494166,"children":null},"WriteActionMask":{"count":297736,"self":0.4239344,"total":0.4239344,"children":null},"RequestDecision":{"count":297736,"self":1.1718811999999998,"total":4.9163511999999994,"children":{"AgentInfo.ToProto":{"count":297736,"self":1.1591673999999998,"total":3.7444699999999997,"children":{"GenerateSensorData":{"count":297736,"self":2.5853026,"total":2.5853026,"children":null}}}}}}},"DecideAction":{"count":74434,"self":692.6768128,"total":692.67683749999992,"children":null},"AgentAct":{"count":74434,"self":1.847859,"total":1.8736663999999998,"children":{"AgentInfo.ToProto":{"count":1202,"self":0.0050003,"total":0.025807399999999998,"children":{"GenerateSensorData":{"count":1202,"self":0.0208071,"total":0.0208071,"children":null}}}}}},"gauges":{"FullGame.CumulativeReward":{"count":1202,"max":3.495005,"min":-0.245000049,"runningAverage":1.5174799,"value":2.50500512,"weightedAverage":1.16625357}},"metadata":{"timer_format_version":"0.1.0","start_time_seconds":"1637647686","unity_version":"2020.1.6f1","command_line_arguments":"C:\\Program Files\\Unity\\Hub\\Editor\\2020.1.6f1\\Editor\\Unity.exe -projectpath C:\/Users\/mhaag\/OneDrive\/Dokumente\/master\/rl_projekt\/proj-air-hockey-master\/proj-air-hockey-master -useHub -hubIPC -cloudEnvironment production -hubSessionId 66919160-4704-11ec-ab95-9b781d570c3c","communication_protocol_version":"1.5.0","com.unity.ml-agents_version":"2.1.0-exp.1","scene_name":"AirHockey_training","end_time_seconds":"1637648451"}}