{"count":1,"self":216450.87211519998,"total":282617.3311593,"children":{"InitializeActuators":{"count":8,"self":0.0009957,"total":0.0009957,"children":null},"InitializeSensors":{"count":8,"self":0.0009975,"total":0.0009975,"children":null},"AgentSendState":{"count":7924284,"self":210.30274559999998,"total":875.6218219,"children":{"CollectObservations":{"count":31697136,"self":90.784486399999992,"total":90.78448689999999,"children":null},"WriteActionMask":{"count":31697136,"self":48.834928,"total":48.8349282,"children":null},"RequestDecision":{"count":31697136,"self":127.3753856,"total":525.6996581,"children":{"AgentInfo.ToProto":{"count":31697136,"self":125.8724992,"total":398.3242744,"children":{"GenerateSensorData":{"count":31697136,"self":272.4517888,"total":272.45177939999996,"children":null}}}}}}},"DecideAction":{"count":7924284,"self":65050.0767744,"total":65050.075911,"children":null},"AgentAct":{"count":7924284,"self":234.592256,"total":240.7572258,"children":{"AgentInfo.ToProto":{"count":232620,"self":1.6110361,"total":6.1649813,"children":{"GenerateSensorData":{"count":232620,"self":4.5539451999999994,"total":4.5539451999999994,"children":null}}}}}},"gauges":{"FullGame.CumulativeReward":{"count":232620,"max":150.746933,"min":-148.851425,"runningAverage":-4.37569666,"value":10.9999828,"weightedAverage":15.2533321}},"metadata":{"timer_format_version":"0.1.0","start_time_seconds":"1638539860","unity_version":"2020.1.6f1","command_line_arguments":"C:\\Program Files\\Unity\\Hub\\Editor\\2020.1.6f1\\Editor\\Unity.exe -projectpath C:\/Users\/mhaag\/OneDrive\/Dokumente\/master\/rl_projekt\/airhockey\/proj-air-hockey-master\/proj-air-hockey-master -useHub -hubIPC -cloudEnvironment production -hubSessionId 5a342a70-528c-11ec-872c-63bfac9b92d5","communication_protocol_version":"1.5.0","com.unity.ml-agents_version":"2.1.0-exp.1","scene_name":"AirHockey_training","end_time_seconds":"1638822477"}}