{"count":1,"self":27.154550399999998,"total":27.225781299999998,"children":{"InitializeActuators":{"count":1,"self":0.0039892999999999994,"total":0.0039892999999999994,"children":null},"InitializeSensors":{"count":1,"self":0.0029649999999999998,"total":0.0029649999999999998,"children":null},"AgentSendState":{"count":1130,"self":0.020643599999999998,"total":0.033459499999999996,"children":{"CollectObservations":{"count":565,"self":0.0029454999999999998,"total":0.0029454999999999998,"children":null},"WriteActionMask":{"count":565,"self":0.0038899,"total":0.0038899,"children":null},"RequestDecision":{"count":565,"self":0.0059805,"total":0.0059805,"children":null}}},"DecideAction":{"count":1130,"self":0.0129144,"total":0.0129144,"children":null},"AgentAct":{"count":1130,"self":0.016905899999999998,"total":0.016905899999999998,"children":null}},"gauges":{"FullGame.CumulativeReward":{"count":23,"max":0.997,"min":-0.0290000029,"runningAverage":0.542782664,"value":-0.012000001,"weightedAverage":0.443570018}},"metadata":{"timer_format_version":"0.1.0","start_time_seconds":"1637874183","unity_version":"2020.1.6f1","command_line_arguments":"C:\\Program Files\\Unity\\Hub\\Editor\\2020.1.6f1\\Editor\\Unity.exe -projectpath C:\/Users\/mhaag\/OneDrive\/Dokumente\/master\/rl_projekt\/airhockey\/proj-air-hockey-master\/proj-air-hockey-master -useHub -hubIPC -cloudEnvironment production -hubSessionId e4dbfa60-4c27-11ec-9922-9d346745ad83","communication_protocol_version":"1.5.0","com.unity.ml-agents_version":"2.1.0-exp.1","scene_name":"AirHockey","end_time_seconds":"1637874211"}}