{"count":1,"self":11758.586265599999,"total":26867.039201699998,"children":{"InitializeActuators":{"count":8,"self":0.00099739999999999985,"total":0.00099739999999999985,"children":null},"InitializeSensors":{"count":8,"self":0.0019946,"total":0.0019946,"children":null},"AgentSendState":{"count":1803034,"self":46.5474112,"total":195.1354882,"children":{"CollectObservations":{"count":7212136,"self":19.1782224,"total":19.178222299999998,"children":null},"WriteActionMask":{"count":7212136,"self":11.1235392,"total":11.1235389,"children":null},"RequestDecision":{"count":7212136,"self":28.278867199999997,"total":118.2863162,"children":{"AgentInfo.ToProto":{"count":7212136,"self":27.927398399999998,"total":90.0074494,"children":{"GenerateSensorData":{"count":7212136,"self":62.0800512,"total":62.0800524,"children":null}}}}}}},"DecideAction":{"count":1803034,"self":14855.241727999999,"total":14855.2423741,"children":null},"AgentAct":{"count":1803034,"self":56.8106368,"total":58.070830699999995,"children":{"AgentInfo.ToProto":{"count":49689,"self":0.3360552,"total":1.2601913,"children":{"GenerateSensorData":{"count":49689,"self":0.9241360999999999,"total":0.9241360999999999,"children":null}}}}}},"gauges":{"FullGame.CumulativeReward":{"count":49689,"max":3252.167,"min":-63.0785065,"runningAverage":430.613556,"value":86.05807,"weightedAverage":228.35054}},"metadata":{"timer_format_version":"0.1.0","start_time_seconds":"1639050423","unity_version":"2020.1.6f1","command_line_arguments":"C:\\Program Files\\Unity\\Hub\\Editor\\2020.1.6f1\\Editor\\Unity.exe -projectpath C:\/Users\/mhaag\/OneDrive\/Dokumente\/master\/rl_projekt\/airhockey\/proj-air-hockey-master\/proj-air-hockey-master -useHub -hubIPC -cloudEnvironment production -hubSessionId 5a342a70-528c-11ec-872c-63bfac9b92d5","communication_protocol_version":"1.5.0","com.unity.ml-agents_version":"2.1.0-exp.1","scene_name":"AirHockey_training","end_time_seconds":"1639077290"}}