{
    "name": "root",
    "gauges": {
        "FullGame.Policy.Entropy.mean": {
            "value": 0.019370656460523605,
            "min": 0.010192648507654667,
            "max": 1.362712025642395,
            "count": 136
        },
        "FullGame.Policy.Entropy.sum": {
            "value": 192.81552124023438,
            "min": 101.92648315429688,
            "max": 13712.970703125,
            "count": 136
        },
        "FullGame.Step.mean": {
            "value": 1359952.0,
            "min": 9999.0,
            "max": 1359952.0,
            "count": 136
        },
        "FullGame.Step.sum": {
            "value": 1359952.0,
            "min": 9999.0,
            "max": 1359952.0,
            "count": 136
        },
        "FullGame.Policy.ExtrinsicValueEstimate.mean": {
            "value": 0.9195408821105957,
            "min": 0.019031623378396034,
            "max": 8.272112846374512,
            "count": 136
        },
        "FullGame.Policy.ExtrinsicValueEstimate.sum": {
            "value": 148.04608154296875,
            "min": 3.0450596809387207,
            "max": 1555.1572265625,
            "count": 136
        },
        "FullGame.Losses.PolicyLoss.mean": {
            "value": 0.24987489685507375,
            "min": 0.2348496751695063,
            "max": 0.2525515798913629,
            "count": 136
        },
        "FullGame.Losses.PolicyLoss.sum": {
            "value": 19.9899917484059,
            "min": 18.22661840794739,
            "max": 20.188767462319,
            "count": 136
        },
        "FullGame.Losses.ValueLoss.mean": {
            "value": 0.278549396299375,
            "min": 0.0050688909577488745,
            "max": 7.31742516451393,
            "count": 136
        },
        "FullGame.Losses.ValueLoss.sum": {
            "value": 22.28395170395,
            "min": 0.40551127661990993,
            "max": 570.7591628320865,
            "count": 136
        },
        "FullGame.Policy.LearningRate.mean": {
            "value": 0.00029186986246004673,
            "min": 0.00029186986246004673,
            "max": 0.00029996968276959946,
            "count": 136
        },
        "FullGame.Policy.LearningRate.sum": {
            "value": 0.023349588996803738,
            "min": 0.022277265482244863,
            "max": 0.02385842790519071,
            "count": 136
        },
        "FullGame.Policy.Epsilon.mean": {
            "value": 0.19728995325,
            "min": 0.19728995325,
            "max": 0.19998989425316455,
            "count": 136
        },
        "FullGame.Policy.Epsilon.sum": {
            "value": 15.78319626,
            "min": 14.925755136,
            "max": 15.952809286,
            "count": 136
        },
        "FullGame.Policy.Beta.mean": {
            "value": 0.0004867207709250001,
            "min": 0.0004867207709250001,
            "max": 0.0004999504818405063,
            "count": 136
        },
        "FullGame.Policy.Beta.sum": {
            "value": 0.03893766167400001,
            "min": 0.03713620016639999,
            "max": 0.0397687655014,
            "count": 136
        },
        "FullGame.Environment.EpisodeLength.mean": {
            "value": 431.7826086956522,
            "min": 92.08333333333333,
            "max": 499.0,
            "count": 136
        },
        "FullGame.Environment.EpisodeLength.sum": {
            "value": 9931.0,
            "min": 9435.0,
            "max": 10305.0,
            "count": 136
        },
        "FullGame.Environment.CumulativeReward.mean": {
            "value": 4.2255160342092095,
            "min": 0.0,
            "max": 18.511192687369626,
            "count": 136
        },
        "FullGame.Environment.CumulativeReward.sum": {
            "value": 97.18686878681183,
            "min": 0.0,
            "max": 1267.9583089351654,
            "count": 136
        },
        "FullGame.Policy.ExtrinsicReward.mean": {
            "value": 4.2255160342092095,
            "min": 0.0,
            "max": 18.511192687369626,
            "count": 136
        },
        "FullGame.Policy.ExtrinsicReward.sum": {
            "value": 97.18686878681183,
            "min": 0.0,
            "max": 1267.9583089351654,
            "count": 136
        },
        "FullGame.IsTraining.mean": {
            "value": 1.0,
            "min": 1.0,
            "max": 1.0,
            "count": 136
        },
        "FullGame.IsTraining.sum": {
            "value": 1.0,
            "min": 1.0,
            "max": 1.0,
            "count": 136
        }
    },
    "metadata": {
        "timer_format_version": "0.1.0",
        "start_time_seconds": "1637114863",
        "python_version": "3.7.11 (default, Jul 27 2021, 09:42:29) [MSC v.1916 64 bit (AMD64)]",
        "command_line_arguments": "C:\\Users\\mhaag\\anaconda3\\envs\\dl\\Scripts\\mlagents-learn trainingconfigs\\rollerball_config.yaml --run-id=17_11_morning",
        "mlagents_version": "0.27.0",
        "mlagents_envs_version": "0.27.0",
        "communication_protocol_version": "1.5.0",
        "pytorch_version": "1.7.0+cu110",
        "numpy_version": "1.19.5",
        "end_time_seconds": "1637131453"
    },
    "total": 16589.9041497,
    "count": 1,
    "self": 0.006120999998529442,
    "children": {
        "run_training.setup": {
            "total": 0.13440319999999994,
            "count": 1,
            "self": 0.13440319999999994
        },
        "TrainerController.start_learning": {
            "total": 16589.7636255,
            "count": 1,
            "self": 54.25952380047238,
            "children": {
                "TrainerController._reset_env": {
                    "total": 10.294912,
                    "count": 1,
                    "self": 10.294912
                },
                "TrainerController.advance": {
                    "total": 16525.117552999527,
                    "count": 1373534,
                    "self": 27.636025499992684,
                    "children": {
                        "env_step": {
                            "total": 13242.505887100848,
                            "count": 1373534,
                            "self": 10247.791550901215,
                            "children": {
                                "SubprocessEnvManager._take_step": {
                                    "total": 2978.3643544999895,
                                    "count": 1373534,
                                    "self": 72.79426770023247,
                                    "children": {
                                        "TorchPolicy.evaluate": {
                                            "total": 2905.570086799757,
                                            "count": 1369217,
                                            "self": 1157.7757033997232,
                                            "children": {
                                                "TorchPolicy.sample_actions": {
                                                    "total": 1747.794383400034,
                                                    "count": 1369217,
                                                    "self": 1747.794383400034
                                                }
                                            }
                                        }
                                    }
                                },
                                "workers": {
                                    "total": 16.34998169964308,
                                    "count": 1373533,
                                    "self": 0.0,
                                    "children": {
                                        "worker_root": {
                                            "total": 16521.419341200362,
                                            "count": 1373533,
                                            "is_parallel": true,
                                            "self": 7481.28698739969,