{
    "name": "root",
    "gauges": {
        "FullGame.Policy.Entropy.mean": {
            "value": 1.1260875463485718,
            "min": 1.1260875463485718,
            "max": 2.1808090209960938,
            "count": 9
        },
        "FullGame.Policy.Entropy.sum": {
            "value": 11314.927734375,
            "min": 11314.927734375,
            "max": 23168.916015625,
            "count": 9
        },
        "FullGame.Environment.EpisodeLength.mean": {
            "value": 408.9583333333333,
            "min": 323.48148148148147,
            "max": 479.0869565217391,
            "count": 9
        },
        "FullGame.Environment.EpisodeLength.sum": {
            "value": 9815.0,
            "min": 8734.0,
            "max": 11019.0,
            "count": 9
        },
        "FullGame.Step.mean": {
            "value": 89893.0,
            "min": 9913.0,
            "max": 89893.0,
            "count": 9
        },
        "FullGame.Step.sum": {
            "value": 89893.0,
            "min": 9913.0,
            "max": 89893.0,
            "count": 9
        },
        "FullGame.Policy.ExtrinsicValueEstimate.mean": {
            "value": -0.2824512720108032,
            "min": -0.8545029163360596,
            "max": -0.2794358432292938,
            "count": 9
        },
        "FullGame.Policy.ExtrinsicValueEstimate.sum": {
            "value": -23.44345474243164,
            "min": -71.77824401855469,
            "max": -23.193174362182617,
            "count": 9
        },
        "FullGame.Environment.CumulativeReward.mean": {
            "value": -11.965062315165996,
            "min": -36.00383616390604,
            "max": -11.370726606120234,
            "count": 9
        },
        "FullGame.Environment.CumulativeReward.sum": {
            "value": -299.1265578791499,
            "min": -972.103576425463,
            "max": -261.5267119407654,
            "count": 9
        },
        "FullGame.Policy.ExtrinsicReward.mean": {
            "value": -11.965062315165996,
            "min": -36.00383616390604,
            "max": -11.370726606120234,
            "count": 9
        },
        "FullGame.Policy.ExtrinsicReward.sum": {
            "value": -299.1265578791499,
            "min": -972.103576425463,
            "max": -261.5267119407654,
            "count": 9
        },
        "FullGame.Losses.PolicyLoss.mean": {
            "value": 0.1361278637798517,
            "min": 0.1308136393730935,
            "max": 0.13978791409682553,
            "count": 9
        },
        "FullGame.Losses.PolicyLoss.sum": {
            "value": 3.5393244582761443,
            "min": 3.152212750399402,
            "max": 3.9186212461675374,
            "count": 9
        },
        "FullGame.Losses.ValueLoss.mean": {
            "value": 0.0009453906692586012,
            "min": 0.00036060126082229193,
            "max": 0.18485163621790868,
            "count": 9
        },
        "FullGame.Losses.ValueLoss.sum": {
            "value": 0.02458015740072363,
            "min": 0.009736234042201882,
            "max": 4.436439269229808,
            "count": 9
        },
        "FullGame.Policy.LearningRate.mean": {
            "value": 0.00029994901769391717,
            "min": 0.00029994901769391717,
            "max": 0.0002999965117011627,
            "count": 9
        },
        "FullGame.Policy.LearningRate.sum": {
            "value": 0.007798674460041847,
            "min": 0.007199916280827905,
            "max": 0.008699563833745387,
            "count": 9
        },
        "FullGame.Policy.Epsilon.mean": {
            "value": 0.19998300589230772,
            "min": 0.19998300589230772,
            "max": 0.19999883723333334,
            "count": 9
        },
        "FullGame.Policy.Epsilon.sum": {
            "value": 5.199558153200001,
            "min": 4.7999720936,
            "max": 5.7998546112,
            "count": 9
        },
        "FullGame.Policy.Beta.mean": {
            "value": 0.004999151994026154,
            "min": 0.004999151994026154,
            "max": 0.004999941977943334,
            "count": 9
        },
        "FullGame.Policy.Beta.sum": {
            "value": 0.12997795184468,
            "min": 0.11999860747064,
            "max": 0.14499274509888,
            "count": 9
        },
        "FullGame.IsTraining.mean": {
            "value": 1.0,
            "min": 1.0,
            "max": 1.0,
            "count": 9
        },
        "FullGame.IsTraining.sum": {
            "value": 1.0,
            "min": 1.0,
            "max": 1.0,
            "count": 9
        }
    },
    "metadata": {
        "timer_format_version": "0.1.0",
        "start_time_seconds": "1638953984",
        "python_version": "3.7.11 (default, Jul 27 2021, 09:42:29) [MSC v.1916 64 bit (AMD64)]",
        "command_line_arguments": "C:\\Users\\mhaag\\anaconda3\\envs\\dl\\Scripts\\mlagents-learn trainingconfigs\\ppo_small.yaml --run-id=8_12_small_test_centered",
        "mlagents_version": "0.27.0",
        "mlagents_envs_version": "0.27.0",
        "communication_protocol_version": "1.5.0",
        "pytorch_version": "1.7.0+cu110",
        "numpy_version": "1.19.5",
        "end_time_seconds": "1638954204"
    },
    "total": 220.6583881,
    "count": 1,
    "self": 0.006194899999968584,
    "children": {
        "run_training.setup": {
            "total": 0.1493956999999999,
            "count": 1,
            "self": 0.1493956999999999
        },
        "TrainerController.start_learning": {
            "total": 220.5027975,
            "count": 1,
            "self": 0.2471350999991273,
            "children": {
                "TrainerController._reset_env": {
                    "total": 12.3696936,
                    "count": 1,
                    "self": 12.3696936
                },
                "TrainerController.advance": {
                    "total": 207.2078221000009,
                    "count": 11556,
                    "self": 0.2724569000017709,
                    "children": {
                        "env_step": {
                            "total": 121.43417049999924,
                            "count": 11556,
                            "self": 95.21046839999813,
                            "children": {
                                "SubprocessEnvManager._take_step": {
                                    "total": 26.074431600000374,
                                    "count": 11556,
                                    "self": 0.7615501000015499,
                                    "children": {
                                        "TorchPolicy.evaluate": {
                                            "total": 25.312881499998824,
                                            "count": 11426,
                                            "self": 9.812485099999623,
                                            "children": {
                                                "TorchPolicy.sample_actions": {
                                                    "total": 15.5003963999992,
                                                    "count": 11426,
                                                    "self": 15.5003963999992
                                                }
                                            }
                                        }
                                    }
                                },
                                "workers": {
                                    "total": 0.14927050000073194,
                                    "count": 11555,
                                    "self": 0.0,
                                    "children": {
                                        "worker_root": {
                                            "total": 211.18631809999923,
                                            "count": 11555,
                                            "is_parallel": true,