{
    "name": "root",
    "gauges": {
        "FullGame.Policy.Entropy.mean": {
            "value": 0.7273664474487305,
            "min": 0.12541581690311432,
            "max": 1.4796355962753296,
            "count": 1706
        },
        "FullGame.Policy.Entropy.sum": {
            "value": 1489.646484375,
            "min": 247.8216552734375,
            "max": 2947.43408203125,
            "count": 1706
        },
        "FullGame.Environment.EpisodeLength.mean": {
            "value": 499.0,
            "min": 59.42857142857143,
            "max": 499.0,
            "count": 1700
        },
        "FullGame.Environment.EpisodeLength.sum": {
            "value": 1497.0,
            "min": 194.0,
            "max": 4229.0,
            "count": 1700
        },
        "FullGame.Step.mean": {
            "value": 40247892.0,
            "min": 36837874.0,
            "max": 40247892.0,
            "count": 1706
        },
        "FullGame.Step.sum": {
            "value": 40247892.0,
            "min": 36837874.0,
            "max": 40247892.0,
            "count": 1706
        },
        "FullGame.Policy.ExtrinsicValueEstimate.mean": {
            "value": -0.0010924204252660275,
            "min": -0.022967426106333733,
            "max": 0.10855548083782196,
            "count": 1706
        },
        "FullGame.Policy.ExtrinsicValueEstimate.sum": {
            "value": -0.01747872680425644,
            "min": -0.4134136736392975,
            "max": 2.4967761039733887,
            "count": 1706
        },
        "FullGame.Environment.CumulativeReward.mean": {
            "value": -0.006333333323709667,
            "min": -0.31800001580268145,
            "max": 1.0,
            "count": 1700
        },
        "FullGame.Environment.CumulativeReward.sum": {
            "value": -0.018999999971129,
            "min": -1.5360000382643193,
            "max": 6.911999954143539,
            "count": 1700
        },
        "FullGame.Policy.ExtrinsicReward.mean": {
            "value": -0.006333333323709667,
            "min": -0.31800001580268145,
            "max": 1.0,
            "count": 1700
        },
        "FullGame.Policy.ExtrinsicReward.sum": {
            "value": -0.018999999971129,
            "min": -1.5360000382643193,
            "max": 6.911999954143539,
            "count": 1700
        },
        "FullGame.Losses.PolicyLoss.mean": {
            "value": 0.14526102066679733,
            "min": 0.11048232809709456,
            "max": 0.17099378203051258,
            "count": 1706
        },
        "FullGame.Losses.PolicyLoss.sum": {
            "value": 0.7263051033339867,
            "min": 0.5057991307349531,
            "max": 1.0496335207282406,
            "count": 1706
        },
        "FullGame.Losses.ValueLoss.mean": {
            "value": 1.2145513238412818e-05,
            "min": 6.212749429974135e-08,
            "max": 0.038921055278706033,
            "count": 1706
        },
        "FullGame.Losses.ValueLoss.sum": {
            "value": 6.0727566192064095e-05,
            "min": 3.1063747149870676e-07,
            "max": 0.2724473869509422,
            "count": 1706
        },
        "FullGame.Policy.LearningRate.mean": {
            "value": 0.0002758518018094021,
            "min": 0.0002758518018094021,
            "max": 0.00027789766261744826,
            "count": 1706
        },
        "FullGame.Policy.LearningRate.sum": {
            "value": 0.0013792590090470104,
            "min": 0.0011041897831367492,
            "max": 0.001945251036583005,
            "count": 1706
        },
        "FullGame.Policy.Epsilon.mean": {
            "value": 0.19195059792,
            "min": 0.19195059792,
            "max": 0.19263255175000002,
            "count": 1706
        },
        "FullGame.Policy.Epsilon.sum": {
            "value": 0.9597529896,
            "min": 0.7680632504,
            "max": 1.348416995,
            "count": 1706
        },
        "FullGame.Policy.Beta.mean": {
            "value": 0.0045983348362079995,
            "min": 0.0045983348362079995,
            "max": 0.004632364332325,
            "count": 1706
        },
        "FullGame.Policy.Beta.sum": {
            "value": 0.02299167418104,
            "min": 0.01840635619496,
            "max": 0.0324260080505,
            "count": 1706
        },
        "FullGame.IsTraining.mean": {
            "value": 1.0,
            "min": 1.0,
            "max": 1.0,
            "count": 1706
        },
        "FullGame.IsTraining.sum": {
            "value": 1.0,
            "min": 1.0,
            "max": 1.0,
            "count": 1706
        }
    },
    "metadata": {
        "timer_format_version": "0.1.0",
        "start_time_seconds": "1637577113",
        "python_version": "3.7.11 (default, Jul 27 2021, 09:42:29) [MSC v.1916 64 bit (AMD64)]",
        "command_line_arguments": "C:\\Users\\mhaag\\anaconda3\\envs\\dl\\Scripts\\mlagents-learn trainingconfigs\\ppo_basic.yaml --run-id=18_11_contact --resume",
        "mlagents_version": "0.27.0",
        "mlagents_envs_version": "0.27.0",
        "communication_protocol_version": "1.5.0",
        "pytorch_version": "1.7.0+cu110",
        "numpy_version": "1.19.5",
        "end_time_seconds": "1637588242"
    },
    "total": 11128.7706779,
    "count": 1,
    "self": 0.00615750000179105,
    "children": {
        "run_training.setup": {
            "total": 0.26706989999999986,
            "count": 1,
            "self": 0.26706989999999986
        },
        "TrainerController.start_learning": {
            "total": 11128.4974505,
            "count": 1,
            "self": 8.61072069975853,
            "children": {
                "TrainerController._reset_env": {
                    "total": 40.9902569,
                    "count": 1,
                    "self": 40.9902569
                },
                "TrainerController.advance": {
                    "total": 11078.71183390024,
                    "count": 431805,
                    "self": 9.351493300175207,
                    "children": {
                        "env_step": {
                            "total": 7284.713576100199,
                            "count": 431805,
                            "self": 6300.160023800089,
                            "children": {
                                "SubprocessEnvManager._take_step": {
                                    "total": 979.2295514999664,
                                    "count": 431805,
                                    "self": 27.16504549984893,
                                    "children": {
                                        "TorchPolicy.evaluate": {
                                            "total": 952.0645060001175,
                                            "count": 426709,
                                            "self": 363.5732938996365,
                                            "children": {
                                                "TorchPolicy.sample_actions": {
                                                    "total": 588.491212100481,
                                                    "count": 426709,
                                                    "self": 588.491212100481
                                                }
                                            }
                                        }
                                    }
                                },
                                "workers": {
                                    "total": 5.324000800143736,
                                    "count": 431804,
                                    "self": 0.0,
                                    "children": {
                                        "worker_root": {
                                            "total": 11079.69206499959,
                                            "count": 431804,
                                            "is_parallel": true,