{
    "name": "root",
    "gauges": {
        "FullGame.Policy.Entropy.mean": {
            "value": 0.42508116364479065,
            "min": 0.22245892882347107,
            "max": 1.1110751628875732,
            "count": 320
        },
        "FullGame.Policy.Entropy.sum": {
            "value": 850.162353515625,
            "min": 78.0071792602539,
            "max": 2213.26171875,
            "count": 320
        },
        "FullGame.Step.mean": {
            "value": 1029999.0,
            "min": 391999.0,
            "max": 1029999.0,
            "count": 320
        },
        "FullGame.Step.sum": {
            "value": 1029999.0,
            "min": 391999.0,
            "max": 1029999.0,
            "count": 320
        },
        "FullGame.Policy.ExtrinsicValueEstimate.mean": {
            "value": 1.3698655366897583,
            "min": 0.3356535732746124,
            "max": 2.949709892272949,
            "count": 320
        },
        "FullGame.Policy.ExtrinsicValueEstimate.sum": {
            "value": 916.4400634765625,
            "min": 23.657495498657227,
            "max": 1976.3056640625,
            "count": 320
        },
        "FullGame.IsTraining.mean": {
            "value": 1.0,
            "min": 1.0,
            "max": 1.0,
            "count": 320
        },
        "FullGame.IsTraining.sum": {
            "value": 1.0,
            "min": 1.0,
            "max": 1.0,
            "count": 320
        },
        "FullGame.Environment.EpisodeLength.mean": {
            "value": 198.2,
            "min": 50.5,
            "max": 460.1666666666667,
            "count": 319
        },
        "FullGame.Environment.EpisodeLength.sum": {
            "value": 1982.0,
            "min": 101.0,
            "max": 3413.0,
            "count": 319
        },
        "FullGame.Environment.CumulativeReward.mean": {
            "value": 56.84000225663185,
            "min": 1.0600000500679017,
            "max": 112.00000447034836,
            "count": 319
        },
        "FullGame.Environment.CumulativeReward.sum": {
            "value": 568.4000225663185,
            "min": 5.300000250339508,
            "max": 914.2000361680984,
            "count": 319
        },
        "FullGame.Policy.ExtrinsicReward.mean": {
            "value": 56.84000225663185,
            "min": 1.0600000500679017,
            "max": 112.00000447034836,
            "count": 319
        },
        "FullGame.Policy.ExtrinsicReward.sum": {
            "value": 568.4000225663185,
            "min": 5.300000250339508,
            "max": 914.2000361680984,
            "count": 319
        },
        "FullGame.Losses.PolicyLoss.mean": {
            "value": 0.11901376088194195,
            "min": 0.11177403028012209,
            "max": 0.15333462517204072,
            "count": 319
        },
        "FullGame.Losses.PolicyLoss.sum": {
            "value": 0.8330963261735936,
            "min": 0.7824182119608546,
            "max": 1.2266770013763257,
            "count": 319
        },
        "FullGame.Losses.ValueLoss.mean": {
            "value": 0.13048666787411398,
            "min": 0.0194645049389995,
            "max": 0.3882247345536598,
            "count": 319
        },
        "FullGame.Losses.ValueLoss.sum": {
            "value": 0.9134066751187979,
            "min": 0.1433275067829527,
            "max": 3.1057978764292784,
            "count": 319
        },
        "FullGame.Policy.LearningRate.mean": {
            "value": 0.00029382591891517057,
            "min": 0.00029382591891517057,
            "max": 0.00029764218335736774,
            "count": 319
        },
        "FullGame.Policy.LearningRate.sum": {
            "value": 0.002056781432406194,
            "min": 0.002056781432406194,
            "max": 0.002381042448319186,
            "count": 319
        },
        "FullGame.Policy.Epsilon.mean": {
            "value": 0.1979419722857143,
            "min": 0.1979419722857143,
            "max": 0.19921406085714288,
            "count": 319
        },
        "FullGame.Policy.Epsilon.sum": {
            "value": 1.3855938060000001,
            "min": 1.3855938060000001,
            "max": 1.5936808140000003,
            "count": 319
        },
        "FullGame.Policy.Beta.mean": {
            "value": 0.004897304417057143,
            "min": 0.004897304417057143,
            "max": 0.004960781636771429,
            "count": 319
        },
        "FullGame.Policy.Beta.sum": {
            "value": 0.0342811309194,
            "min": 0.0342811309194,
            "max": 0.039684672618599995,
            "count": 319
        }
    },
    "metadata": {
        "timer_format_version": "0.1.0",
        "start_time_seconds": "1637141531",
        "python_version": "3.7.11 (default, Jul 27 2021, 09:42:29) [MSC v.1916 64 bit (AMD64)]",
        "command_line_arguments": "C:\\Users\\mhaag\\anaconda3\\envs\\dl\\Scripts\\mlagents-learn trainingconfigs\\ppo_basic.yaml --run-id=17_11_noon --resume",
        "mlagents_version": "0.27.0",
        "mlagents_envs_version": "0.27.0",
        "communication_protocol_version": "1.5.0",
        "pytorch_version": "1.7.0+cu110",
        "numpy_version": "1.19.5",
        "end_time_seconds": "1637144216"
    },
    "total": 2684.554588,
    "count": 1,
    "self": 0.008443700000043464,
    "children": {
        "run_training.setup": {
            "total": 0.16052009999999983,
            "count": 1,
            "self": 0.16052009999999983
        },
        "TrainerController.start_learning": {
            "total": 2684.3856241999997,
            "count": 1,
            "self": 2.249191100015196,
            "children": {
                "TrainerController._reset_env": {
                    "total": 10.0481795,
                    "count": 1,
                    "self": 10.0481795
                },
                "TrainerController.advance": {
                    "total": 2672.0172056999845,
                    "count": 81413,
                    "self": 1.914898800015635,
                    "children": {
                        "env_step": {
                            "total": 1055.4661946999754,
                            "count": 81413,
                            "self": 880.8963497999383,
                            "children": {
                                "SubprocessEnvManager._take_step": {
                                    "total": 173.55642490001128,
                                    "count": 81413,
                                    "self": 5.171035099992423,
                                    "children": {
                                        "TorchPolicy.evaluate": {
                                            "total": 168.38538980001886,
                                            "count": 79763,
                                            "self": 66.36254770001388,
                                            "children": {
                                                "TorchPolicy.sample_actions": {
                                                    "total": 102.02284210000498,
                                                    "count": 79763,
                                                    "self": 102.02284210000498
                                                }
                                            }
                                        }
                                    }
                                },
                                "workers": {
                                    "total": 1.013420000025766,
                                    "count": 81412,
                                    "self": 0.0,
                                    "children": {
                                        "worker_root": {
                                            "total": 2676.00693810002,
                                            "count": 81412,
                                            "is_parallel": true,