{
    "name": "root",
    "gauges": {
        "FullGame.Policy.Entropy.mean": {
            "value": 0.6609886884689331,
            "min": 0.3140334486961365,
            "max": 2.0632452964782715,
            "count": 621
        },
        "FullGame.Policy.Entropy.sum": {
            "value": 6578.1591796875,
            "min": 3125.2607421875,
            "max": 20946.06640625,
            "count": 621
        },
        "FullGame.Environment.EpisodeLength.mean": {
            "value": 499.0,
            "min": 214.0,
            "max": 499.0,
            "count": 621
        },
        "FullGame.Environment.EpisodeLength.sum": {
            "value": 10479.0,
            "min": 428.0,
            "max": 11794.0,
            "count": 621
        },
        "FullGame.Step.mean": {
            "value": 6339982.0,
            "min": 139956.0,
            "max": 6339982.0,
            "count": 621
        },
        "FullGame.Step.sum": {
            "value": 6339982.0,
            "min": 139956.0,
            "max": 6339982.0,
            "count": 621
        },
        "FullGame.Policy.ExtrinsicValueEstimate.mean": {
            "value": -0.01239340752363205,
            "min": -0.021120278164744377,
            "max": 0.008667554706335068,
            "count": 621
        },
        "FullGame.Policy.ExtrinsicValueEstimate.sum": {
            "value": -0.991472601890564,
            "min": -1.6896222829818726,
            "max": 0.7107394933700562,
            "count": 621
        },
        "FullGame.Environment.CumulativeReward.mean": {
            "value": -0.7157498672604561,
            "min": -1.1499998718500137,
            "max": 0.08091316274974657,
            "count": 621
        },
        "FullGame.Environment.CumulativeReward.sum": {
            "value": -14.314997345209122,
            "min": -22.999997437000275,
            "max": 1.8610027432441711,
            "count": 621
        },
        "FullGame.Policy.ExtrinsicReward.mean": {
            "value": -0.7157498672604561,
            "min": -1.1499998718500137,
            "max": 0.08091316274974657,
            "count": 621
        },
        "FullGame.Policy.ExtrinsicReward.sum": {
            "value": -14.314997345209122,
            "min": -22.999997437000275,
            "max": 1.8610027432441711,
            "count": 621
        },
        "FullGame.Losses.PolicyLoss.mean": {
            "value": 0.1351054898932509,
            "min": 0.12480302551343865,
            "max": 0.14651980901304001,
            "count": 621
        },
        "FullGame.Losses.PolicyLoss.sum": {
            "value": 3.647848227117775,
            "min": 0.276974264716339,
            "max": 4.036901491786501,
            "count": 621
        },
        "FullGame.Losses.ValueLoss.mean": {
            "value": 0.0005688885581887907,
            "min": 0.0003339649320201205,
            "max": 0.003589889818037636,
            "count": 621
        },
        "FullGame.Losses.ValueLoss.sum": {
            "value": 0.015359991071097348,
            "min": 0.0034204925742679117,
            "max": 0.10410680472309145,
            "count": 621
        },
        "FullGame.Policy.LearningRate.mean": {
            "value": 0.00029619901153366316,
            "min": 0.00029619901153366316,
            "max": 0.0002999165304278232,
            "count": 621
        },
        "FullGame.Policy.LearningRate.sum": {
            "value": 0.007997373311408906,
            "min": 0.0005998330608556464,
            "max": 0.008696607332330889,
            "count": 621
        },
        "FullGame.Policy.Epsilon.mean": {
            "value": 0.19873300342222228,
            "min": 0.19873300342222228,
            "max": 0.19997217680000004,
            "count": 621
        },
        "FullGame.Policy.Epsilon.sum": {
            "value": 5.365791092400001,
            "min": 0.3999443536000001,
            "max": 5.798869110400001,
            "count": 621
        },
        "FullGame.Policy.Beta.mean": {
            "value": 0.004936776870768889,
            "min": 0.004936776870768889,
            "max": 0.004998611622319999,
            "count": 621
        },
        "FullGame.Policy.Beta.sum": {
            "value": 0.13329297551076,
            "min": 0.009997223244639999,
            "max": 0.14494356860896,
            "count": 621
        },
        "FullGame.IsTraining.mean": {
            "value": 1.0,
            "min": 1.0,
            "max": 1.0,
            "count": 621
        },
        "FullGame.IsTraining.sum": {
            "value": 1.0,
            "min": 1.0,
            "max": 1.0,
            "count": 621
        }
    },
    "metadata": {
        "timer_format_version": "0.1.0",
        "start_time_seconds": "1637906969",
        "python_version": "3.7.11 (default, Jul 27 2021, 09:42:29) [MSC v.1916 64 bit (AMD64)]",
        "command_line_arguments": "C:\\Users\\mhaag\\anaconda3\\envs\\dl\\Scripts\\mlagents-learn trainingconfigs\\ppo_small.yaml --run-id=25_11_small_full --resume",
        "mlagents_version": "0.27.0",
        "mlagents_envs_version": "0.27.0",
        "communication_protocol_version": "1.5.0",
        "pytorch_version": "1.7.0+cu110",
        "numpy_version": "1.19.5",
        "end_time_seconds": "1637929393"
    },
    "total": 22424.010432699997,
    "count": 1,
    "self": 0.014578699996491196,
    "children": {
        "run_training.setup": {
            "total": 0.14110920000000005,
            "count": 1,
            "self": 0.14110920000000005
        },
        "TrainerController.start_learning": {
            "total": 22423.8547448,
            "count": 1,
            "self": 15.904659601183084,
            "children": {
                "TrainerController._reset_env": {
                    "total": 12.4855291,
                    "count": 1,
                    "self": 12.4855291
                },
                "TrainerController.advance": {
                    "total": 22395.272245998814,
                    "count": 783292,
                    "self": 17.051785098567052,
                    "children": {
                        "env_step": {
                            "total": 16596.152165799685,
                            "count": 783292,
                            "self": 14831.346114199063,
                            "children": {
                                "SubprocessEnvManager._take_step": {
                                    "total": 1754.798737999794,
                                    "count": 783292,
                                    "self": 47.90191129827008,
                                    "children": {
                                        "TorchPolicy.evaluate": {
                                            "total": 1706.8968267015239,
                                            "count": 776459,
                                            "self": 682.4544246000432,
                                            "children": {
                                                "TorchPolicy.sample_actions": {
                                                    "total": 1024.4424021014806,
                                                    "count": 776459,
                                                    "self": 1024.4424021014806
                                                }
                                            }
                                        }
                                    }
                                },
                                "workers": {
                                    "total": 10.007313600829052,
                                    "count": 783291,
                                    "self": 0.0,
                                    "children": {
                                        "worker_root": {
                                            "total": 22393.536488500213,
                                            "count": 783291,