{
    "name": "root",
    "gauges": {
        "FullGame.Policy.Entropy.mean": {
            "value": 0.10675983130931854,
            "min": 0.02701438032090664,
            "max": 1.5400828123092651,
            "count": 2296
        },
        "FullGame.Policy.Entropy.sum": {
            "value": 1054.787109375,
            "min": 266.4698486328125,
            "max": 15684.203125,
            "count": 2296
        },
        "FullGame.Step.mean": {
            "value": 22959957.0,
            "min": 9955.0,
            "max": 22959957.0,
            "count": 2296
        },
        "FullGame.Step.sum": {
            "value": 22959957.0,
            "min": 9955.0,
            "max": 22959957.0,
            "count": 2296
        },
        "FullGame.Policy.ExtrinsicValueEstimate.mean": {
            "value": 0.4554597735404968,
            "min": -2.755127191543579,
            "max": 2.605405569076538,
            "count": 2296
        },
        "FullGame.Policy.ExtrinsicValueEstimate.sum": {
            "value": 92.00287628173828,
            "min": -545.5151977539062,
            "max": 482.0000305175781,
            "count": 2296
        },
        "FullGame.Losses.PolicyLoss.mean": {
            "value": 0.243130476680242,
            "min": 0.23263694179399988,
            "max": 0.4482476025962888,
            "count": 2296
        },
        "FullGame.Losses.PolicyLoss.sum": {
            "value": 18.23478575101815,
            "min": 12.875395772029348,
            "max": 33.17032259212537,
            "count": 2296
        },
        "FullGame.Losses.ValueLoss.mean": {
            "value": 0.027126081804197955,
            "min": 0.0022569317697357697,
            "max": 3.684653574786228,
            "count": 2296
        },
        "FullGame.Losses.ValueLoss.sum": {
            "value": 2.0344561353148465,
            "min": 0.17378374626965426,
            "max": 286.0750480828247,
            "count": 2296
        },
        "FullGame.Policy.LearningRate.mean": {
            "value": 0.0001622704891098523,
            "min": 0.0001622704891098523,
            "max": 0.00029996440965892224,
            "count": 2296
        },
        "FullGame.Policy.LearningRate.sum": {
            "value": 0.012170286683238921,
            "min": 0.011748184387939634,
            "max": 0.023673941732686093,
            "count": 2296
        },
        "FullGame.Policy.Epsilon.mean": {
            "value": 0.15409014773333338,
            "min": 0.15409014773333338,
            "max": 0.1999881365490196,
            "count": 2296
        },
        "FullGame.Policy.Epsilon.sum": {
            "value": 11.556761080000003,
            "min": 10.199394964,
            "max": 15.939989340000002,
            "count": 2296
        },
        "FullGame.Policy.Beta.mean": {
            "value": 0.00027504172389333336,
            "min": 0.00027504172389333336,
            "max": 0.0004999418690901962,
            "count": 2296
        },
        "FullGame.Policy.Beta.sum": {
            "value": 0.020628129292000003,
            "min": 0.019908695803200004,
            "max": 0.03945743814920001,
            "count": 2296
        },
        "FullGame.Environment.EpisodeLength.mean": {
            "value": 123.89156626506023,
            "min": 93.3047619047619,
            "max": 395.22727272727275,
            "count": 2296
        },
        "FullGame.Environment.EpisodeLength.sum": {
            "value": 10283.0,
            "min": 8137.0,
            "max": 11796.0,
            "count": 2296
        },
        "FullGame.Environment.CumulativeReward.mean": {
            "value": 0.9089156630833308,
            "min": 0.18620833027428793,
            "max": 0.9690645157775131,
            "count": 2296
        },
        "FullGame.Environment.CumulativeReward.sum": {
            "value": 75.44000003591646,
            "min": 4.46899992658291,
            "max": 102.53200026182458,
            "count": 2296
        },
        "FullGame.Policy.ExtrinsicReward.mean": {
            "value": 0.9089156630833308,
            "min": 0.18620833027428793,
            "max": 0.9690645157775131,
            "count": 2296
        },
        "FullGame.Policy.ExtrinsicReward.sum": {
            "value": 75.44000003591646,
            "min": 4.46899992658291,
            "max": 102.53200026182458,
            "count": 2296
        },
        "FullGame.IsTraining.mean": {
            "value": 1.0,
            "min": 1.0,
            "max": 1.0,
            "count": 2296
        },
        "FullGame.IsTraining.sum": {
            "value": 1.0,
            "min": 1.0,
            "max": 1.0,
            "count": 2296
        }
    },
    "metadata": {
        "timer_format_version": "0.1.0",
        "start_time_seconds": "1636725377",
        "python_version": "3.7.11 (default, Jul 27 2021, 09:42:29) [MSC v.1916 64 bit (AMD64)]",
        "command_line_arguments": "C:\\Users\\mhaag\\anaconda3\\envs\\dl\\Scripts\\mlagents-learn trainingconfigs\\rollerball_config.yaml --run-id=12_11_weekend",
        "mlagents_version": "0.27.0",
        "mlagents_envs_version": "0.27.0",
        "communication_protocol_version": "1.5.0",
        "pytorch_version": "1.7.0+cu110",
        "numpy_version": "1.19.5",
        "end_time_seconds": "1636934218"
    },
    "total": 208840.4462776,
    "count": 1,
    "self": 0.008043099980568513,
    "children": {
        "run_training.setup": {
            "total": 0.18548319999999996,
            "count": 1,
            "self": 0.18548319999999996
        },
        "TrainerController.start_learning": {
            "total": 208840.2527513,
            "count": 1,
            "self": 64.92281571091735,
            "children": {
                "TrainerController._reset_env": {
                    "total": 25.7878708,
                    "count": 1,
                    "self": 25.7878708
                },
                "TrainerController.advance": {
                    "total": 208748.82336298906,
                    "count": 2948849,
                    "self": 65.10020297329174,
                    "children": {
                        "env_step": {
                            "total": 150814.6278896077,
                            "count": 2948849,
                            "self": 144096.5097471216,
                            "children": {
                                "SubprocessEnvManager._take_step": {
                                    "total": 6679.5808178041625,
                                    "count": 2948849,
                                    "self": 185.96100389210187,
                                    "children": {
                                        "TorchPolicy.evaluate": {
                                            "total": 6493.619813912061,
                                            "count": 2870467,
                                            "self": 2634.8613990218073,
                                            "children": {
                                                "TorchPolicy.sample_actions": {
                                                    "total": 3858.7584148902533,
                                                    "count": 2870467,
                                                    "self": 3858.7584148902533
                                                }
                                            }
                                        }
                                    }
                                },
                                "workers": {
                                    "total": 38.537324681964904,
                                    "count": 2948848,
                                    "self": 0.0,
                                    "children": {
                                        "worker_root": {
                                            "total": 208745.77081820217,
                                            "count": 2948848,