{
    "name": "root",
    "gauges": {
        "FullGame.Policy.Entropy.mean": {
            "value": 0.2168988585472107,
            "min": 0.17062325775623322,
            "max": 0.34600380063056946,
            "count": 100
        },
        "FullGame.Policy.Entropy.sum": {
            "value": 2149.6845703125,
            "min": 1698.895751953125,
            "max": 3471.802001953125,
            "count": 100
        },
        "FullGame.Environment.EpisodeLength.mean": {
            "value": 256.4102564102564,
            "min": 184.65454545454546,
            "max": 309.46875,
            "count": 100
        },
        "FullGame.Environment.EpisodeLength.sum": {
            "value": 10000.0,
            "min": 9517.0,
            "max": 10369.0,
            "count": 100
        },
        "FullGame.Step.mean": {
            "value": 3999874.0,
            "min": 3009904.0,
            "max": 3999874.0,
            "count": 100
        },
        "FullGame.Step.sum": {
            "value": 3999874.0,
            "min": 3009904.0,
            "max": 3999874.0,
            "count": 100
        },
        "FullGame.Policy.ExtrinsicValueEstimate.mean": {
            "value": 14.448830604553223,
            "min": 11.787572860717773,
            "max": 15.40817928314209,
            "count": 100
        },
        "FullGame.Policy.ExtrinsicValueEstimate.sum": {
            "value": 1372.638916015625,
            "min": 1119.8194580078125,
            "max": 1498.2454833984375,
            "count": 100
        },
        "FullGame.Environment.CumulativeReward.mean": {
            "value": 381.4376644232334,
            "min": 250.27227829969846,
            "max": 479.247212857008,
            "count": 100
        },
        "FullGame.Environment.CumulativeReward.sum": {
            "value": 14876.068912506104,
            "min": 11200.23532962799,
            "max": 16193.873020648956,
            "count": 100
        },
        "FullGame.Policy.ExtrinsicReward.mean": {
            "value": 381.4376644232334,
            "min": 250.27227829969846,
            "max": 479.247212857008,
            "count": 100
        },
        "FullGame.Policy.ExtrinsicReward.sum": {
            "value": 14876.068912506104,
            "min": 11200.23532962799,
            "max": 16193.873020648956,
            "count": 100
        },
        "FullGame.Losses.PolicyLoss.mean": {
            "value": 0.13651625272575932,
            "min": 0.1256276431273199,
            "max": 0.1441016753558995,
            "count": 100
        },
        "FullGame.Losses.PolicyLoss.sum": {
            "value": 4.09548758177278,
            "min": 3.7340942590088213,
            "max": 4.397402990291834,
            "count": 100
        },
        "FullGame.Losses.ValueLoss.mean": {
            "value": 8.881595273237888,
            "min": 4.866019255595862,
            "max": 15.773061629065191,
            "count": 100
        },
        "FullGame.Losses.ValueLoss.sum": {
            "value": 266.44785819713667,
            "min": 150.84659692347174,
            "max": 488.96491050102094,
            "count": 100
        },
        "FullGame.Policy.LearningRate.mean": {
            "value": 3.7935487358167056e-07,
            "min": 3.7935487358167056e-07,
            "max": 7.462281219471982e-05,
            "count": 100
        },
        "FullGame.Policy.LearningRate.sum": {
            "value": 1.1380646207450117e-05,
            "min": 1.1380646207450117e-05,
            "max": 0.002216008136331375,
            "count": 100
        },
        "FullGame.Policy.Epsilon.mean": {
            "value": 0.10012641833333333,
            "min": 0.10012641833333333,
            "max": 0.12487424568965518,
            "count": 100
        },
        "FullGame.Policy.Epsilon.sum": {
            "value": 3.00379255,
            "min": 2.9254285249999996,
            "max": 3.8015381750000006,
            "count": 100
        },
        "FullGame.Policy.Beta.mean": {
            "value": 1.6308274833333402e-05,
            "min": 1.6308274833333402e-05,
            "max": 0.001251224859913793,
            "count": 100
        },
        "FullGame.Policy.Beta.sum": {
            "value": 0.000489248245000002,
            "min": 0.000489248245000002,
            "max": 0.0371595643875,
            "count": 100
        },
        "FullGame.IsTraining.mean": {
            "value": 1.0,
            "min": 1.0,
            "max": 1.0,
            "count": 100
        },
        "FullGame.IsTraining.sum": {
            "value": 1.0,
            "min": 1.0,
            "max": 1.0,
            "count": 100
        }
    },
    "metadata": {
        "timer_format_version": "0.1.0",
        "start_time_seconds": "1646978680",
        "python_version": "3.7.11 (default, Jul 27 2021, 09:42:29) [MSC v.1916 64 bit (AMD64)]",
        "command_line_arguments": "C:\\Users\\mhaag\\anaconda3\\envs\\dl\\Scripts\\mlagents-learn trainingconfigs\\ppo_basic.yaml --run-id=10_03_ppo_center_2 --resume",
        "mlagents_version": "0.27.0",
        "mlagents_envs_version": "0.27.0",
        "communication_protocol_version": "1.5.0",
        "pytorch_version": "1.7.0+cu110",
        "numpy_version": "1.19.5",
        "end_time_seconds": "1646988939"
    },
    "total": 10258.701530800001,
    "count": 1,
    "self": 0.007251700000779238,
    "children": {
        "run_training.setup": {
            "total": 0.15622559999999996,
            "count": 1,
            "self": 0.15622559999999996
        },
        "TrainerController.start_learning": {
            "total": 10258.5380535,
            "count": 1,
            "self": 19.312055500671704,
            "children": {
                "TrainerController._reset_env": {
                    "total": 23.2703419,
                    "count": 1,
                    "self": 23.2703419
                },
                "TrainerController.advance": {
                    "total": 10215.889399499329,
                    "count": 1001953,
                    "self": 20.781096100101422,
                    "children": {
                        "env_step": {
                            "total": 9211.789682599692,
                            "count": 1001953,
                            "self": 7021.667712198612,
                            "children": {
                                "SubprocessEnvManager._take_step": {
                                    "total": 2177.2542101998397,
                                    "count": 1001953,
                                    "self": 54.134196699375934,
                                    "children": {
                                        "TorchPolicy.evaluate": {
                                            "total": 2123.1200135004638,
                                            "count": 999917,
                                            "self": 786.2562579000153,
                                            "children": {
                                                "TorchPolicy.sample_actions": {
                                                    "total": 1336.8637556004485,
                                                    "count": 999917,
                                                    "self": 1336.8637556004485
                                                }
                                            }
                                        }
                                    }
                                },
                                "workers": {
                                    "total": 12.867760201239733,
                                    "count": 1001953,
                                    "self": 0.0,
                                    "children": {
                                        "worker_root": {
                                            "total": 10215.176454099317,
                                            "count": 1001953,