{
    "name": "root",
    "gauges": {
        "FullGame.Policy.Entropy.mean": {
            "value": 0.2184494137763977,
            "min": 0.19954854249954224,
            "max": 2.0560967922210693,
            "count": 307
        },
        "FullGame.Policy.Entropy.sum": {
            "value": 2182.74658203125,
            "min": 2000.274658203125,
            "max": 20857.044921875,
            "count": 307
        },
        "FullGame.Environment.EpisodeLength.mean": {
            "value": 8.660231660231661,
            "min": 8.364232209737828,
            "max": 25.522546419098145,
            "count": 307
        },
        "FullGame.Environment.EpisodeLength.sum": {
            "value": 8972.0,
            "min": 8933.0,
            "max": 9800.0,
            "count": 307
        },
        "FullGame.Step.mean": {
            "value": 3069996.0,
            "min": 9979.0,
            "max": 3069996.0,
            "count": 307
        },
        "FullGame.Step.sum": {
            "value": 3069996.0,
            "min": 9979.0,
            "max": 3069996.0,
            "count": 307
        },
        "FullGame.Policy.ExtrinsicValueEstimate.mean": {
            "value": 0.4762941896915436,
            "min": -0.31682997941970825,
            "max": 0.5197515487670898,
            "count": 307
        },
        "FullGame.Policy.ExtrinsicValueEstimate.sum": {
            "value": 493.4407958984375,
            "min": -142.89031982421875,
            "max": 549.8971557617188,
            "count": 307
        },
        "FullGame.Environment.CumulativeReward.mean": {
            "value": 0.6960955695986287,
            "min": -0.7109857355897047,
            "max": 0.7611058689583452,
            "count": 307
        },
        "FullGame.Environment.CumulativeReward.sum": {
            "value": 721.1550101041794,
            "min": -317.1299945116043,
            "max": 805.2500093579292,
            "count": 307
        },
        "FullGame.Policy.ExtrinsicReward.mean": {
            "value": 0.6960955695986287,
            "min": -0.7109857355897047,
            "max": 0.7611058689583452,
            "count": 307
        },
        "FullGame.Policy.ExtrinsicReward.sum": {
            "value": 721.1550101041794,
            "min": -317.1299945116043,
            "max": 805.2500093579292,
            "count": 307
        },
        "FullGame.Losses.PolicyLoss.mean": {
            "value": 0.1357346123945514,
            "min": 0.12168120207845057,
            "max": 0.14323305120174734,
            "count": 307
        },
        "FullGame.Losses.PolicyLoss.sum": {
            "value": 5.1579152709929525,
            "min": 4.477340911752199,
            "max": 5.340589625019304,
            "count": 307
        },
        "FullGame.Losses.ValueLoss.mean": {
            "value": 0.04004554231036146,
            "min": 0.03397770748032551,
            "max": 0.16517001532572478,
            "count": 307
        },
        "FullGame.Losses.ValueLoss.sum": {
            "value": 1.5217306077937356,
            "min": 1.2911528842523694,
            "max": 5.946120551726092,
            "count": 307
        },
        "FullGame.Policy.LearningRate.mean": {
            "value": 0.0002981609625761705,
            "min": 0.0002981609625761705,
            "max": 0.0002999969741843419,
            "count": 307
        },
        "FullGame.Policy.LearningRate.sum": {
            "value": 0.01133011657789448,
            "min": 0.010494643217985595,
            "max": 0.011646063102578971,
            "count": 307
        },
        "FullGame.Policy.Epsilon.mean": {
            "value": 0.19938698732105267,
            "min": 0.19938698732105267,
            "max": 0.19999899139444444,
            "count": 307
        },
        "FullGame.Policy.Epsilon.sum": {
            "value": 7.576705518200002,
            "min": 6.998214405400001,
            "max": 7.7820210282,
            "count": 307
        },
        "FullGame.Policy.Beta.mean": {
            "value": 0.004969410667320527,
            "min": 0.004969410667320527,
            "max": 0.004999949670582778,
            "count": 307
        },
        "FullGame.Policy.Beta.sum": {
            "value": 0.18883760535818,
            "min": 0.17491089882946,
            "max": 0.19410284930718,
            "count": 307
        },
        "FullGame.IsTraining.mean": {
            "value": 1.0,
            "min": 1.0,
            "max": 1.0,
            "count": 307
        },
        "FullGame.IsTraining.sum": {
            "value": 1.0,
            "min": 1.0,
            "max": 1.0,
            "count": 307
        }
    },
    "metadata": {
        "timer_format_version": "0.1.0",
        "start_time_seconds": "1637880199",
        "python_version": "3.7.11 (default, Jul 27 2021, 09:42:29) [MSC v.1916 64 bit (AMD64)]",
        "command_line_arguments": "C:\\Users\\mhaag\\anaconda3\\envs\\dl\\Scripts\\mlagents-learn trainingconfigs\\ppo_small.yaml --run-id=25_11_pposmall_defending",
        "mlagents_version": "0.27.0",
        "mlagents_envs_version": "0.27.0",
        "communication_protocol_version": "1.5.0",
        "pytorch_version": "1.7.0+cu110",
        "numpy_version": "1.19.5",
        "end_time_seconds": "1637889997"
    },
    "total": 9798.576619700001,
    "count": 1,
    "self": 0.006462200000896701,
    "children": {
        "run_training.setup": {
            "total": 0.16340259999999995,
            "count": 1,
            "self": 0.16340259999999995
        },
        "TrainerController.start_learning": {
            "total": 9798.406754900001,
            "count": 1,
            "self": 11.18663859958906,
            "children": {
                "TrainerController._reset_env": {
                    "total": 15.5708199,
                    "count": 1,
                    "self": 15.5708199
                },
                "TrainerController.advance": {
                    "total": 9771.486736600411,
                    "count": 504711,
                    "self": 11.303813499904209,
                    "children": {
                        "env_step": {
                            "total": 6451.958580800162,
                            "count": 504711,
                            "self": 5585.3186377001675,
                            "children": {
                                "SubprocessEnvManager._take_step": {
                                    "total": 860.295640099707,
                                    "count": 504711,
                                    "self": 24.756424099497053,
                                    "children": {
                                        "TorchPolicy.evaluate": {
                                            "total": 835.53921600021,
                                            "count": 384717,
                                            "self": 334.5493365004778,
                                            "children": {
                                                "TorchPolicy.sample_actions": {
                                                    "total": 500.9898794997322,
                                                    "count": 384717,
                                                    "self": 500.9898794997322
                                                }
                                            }
                                        }
                                    }
                                },
                                "workers": {
                                    "total": 6.3443030002870024,
                                    "count": 504710,
                                    "self": 0.0,
                                    "children": {
                                        "worker_root": {
                                            "total": 9773.209427399937,
                                            "count": 504710,
                                            "is_parallel": true,