{
    "name": "root",
    "gauges": {
        "FullGame.Policy.Entropy.mean": {
            "value": 0.3101484477519989,
            "min": 0.07584270089864731,
            "max": 0.6019710898399353,
            "count": 327
        },
        "FullGame.Policy.Entropy.sum": {
            "value": 3076.672607421875,
            "min": 749.9326171875,
            "max": 5836.7119140625,
            "count": 327
        },
        "FullGame.Environment.EpisodeLength.mean": {
            "value": 243.89743589743588,
            "min": 90.05660377358491,
            "max": 341.0,
            "count": 327
        },
        "FullGame.Environment.EpisodeLength.sum": {
            "value": 9512.0,
            "min": 8006.0,
            "max": 11373.0,
            "count": 327
        },
        "FullGame.Step.mean": {
            "value": 35009930.0,
            "min": 31749998.0,
            "max": 35009930.0,
            "count": 327
        },
        "FullGame.Step.sum": {
            "value": 35009930.0,
            "min": 31749998.0,
            "max": 35009930.0,
            "count": 327
        },
        "FullGame.Policy.ExtrinsicValueEstimate.mean": {
            "value": 2.815572738647461,
            "min": -3.102351188659668,
            "max": 3.8862695693969727,
            "count": 327
        },
        "FullGame.Policy.ExtrinsicValueEstimate.sum": {
            "value": 253.40155029296875,
            "min": -316.4398193359375,
            "max": 373.0818786621094,
            "count": 327
        },
        "FullGame.Environment.CumulativeReward.mean": {
            "value": 44.95765936680329,
            "min": -73.6104049612494,
            "max": 77.88160068338567,
            "count": 327
        },
        "FullGame.Environment.CumulativeReward.sum": {
            "value": 1753.3487153053284,
            "min": -3754.13065302372,
            "max": 3426.7904300689697,
            "count": 327
        },
        "FullGame.Policy.ExtrinsicReward.mean": {
            "value": 44.95765936680329,
            "min": -73.6104049612494,
            "max": 77.88160068338567,
            "count": 327
        },
        "FullGame.Policy.ExtrinsicReward.sum": {
            "value": 1753.3487153053284,
            "min": -3754.13065302372,
            "max": 3426.7904300689697,
            "count": 327
        },
        "FullGame.Losses.PolicyLoss.mean": {
            "value": 0.13407351345200352,
            "min": 0.12458428698316008,
            "max": 0.14609121575337244,
            "count": 327
        },
        "FullGame.Losses.PolicyLoss.sum": {
            "value": 3.7540583766560984,
            "min": 3.3518247798403493,
            "max": 4.712054413794665,
            "count": 327
        },
        "FullGame.Losses.ValueLoss.mean": {
            "value": 74.52918942541729,
            "min": 23.76043660128028,
            "max": 132.62362550778874,
            "count": 327
        },
        "FullGame.Losses.ValueLoss.sum": {
            "value": 2086.817303911684,
            "min": 665.2922248358478,
            "max": 4376.579641757028,
            "count": 327
        },
        "FullGame.Policy.LearningRate.mean": {
            "value": 0.00027899699120814805,
            "min": 0.00027899699120814805,
            "max": 0.0002809523639892141,
            "count": 327
        },
        "FullGame.Policy.LearningRate.sum": {
            "value": 0.007811915753828146,
            "min": 0.007023809099730352,
            "max": 0.009533227693457508,
            "count": 327
        },
        "FullGame.Policy.Epsilon.mean": {
            "value": 0.19299899473571427,
            "min": 0.19299899473571427,
            "max": 0.19365078587999998,
            "count": 327
        },
        "FullGame.Policy.Epsilon.sum": {
            "value": 5.4039718526,
            "min": 4.841269647,
            "max": 6.577742490400001,
            "count": 327
        },
        "FullGame.Policy.Beta.mean": {
            "value": 0.004650649837312142,
            "min": 0.004650649837312142,
            "max": 0.004683174215412,
            "count": 327
        },
        "FullGame.Policy.Beta.sum": {
            "value": 0.13021819544473998,
            "min": 0.1170793553853,
            "max": 0.15890935027096,
            "count": 327
        },
        "FullGame.IsTraining.mean": {
            "value": 1.0,
            "min": 1.0,
            "max": 1.0,
            "count": 327
        },
        "FullGame.IsTraining.sum": {
            "value": 1.0,
            "min": 1.0,
            "max": 1.0,
            "count": 327
        }
    },
    "metadata": {
        "timer_format_version": "0.1.0",
        "start_time_seconds": "1638957937",
        "python_version": "3.7.11 (default, Jul 27 2021, 09:42:29) [MSC v.1916 64 bit (AMD64)]",
        "command_line_arguments": "C:\\Users\\mhaag\\anaconda3\\envs\\dl\\Scripts\\mlagents-learn trainingconfigs\\ppo_small.yaml --run-id=8_12_small_just_centered --resume",
        "mlagents_version": "0.27.0",
        "mlagents_envs_version": "0.27.0",
        "communication_protocol_version": "1.5.0",
        "pytorch_version": "1.7.0+cu110",
        "numpy_version": "1.19.5",
        "end_time_seconds": "1638967532"
    },
    "total": 9594.437444500001,
    "count": 1,
    "self": 0.007032700001218473,
    "children": {
        "run_training.setup": {
            "total": 0.18107030000000002,
            "count": 1,
            "self": 0.18107030000000002
        },
        "TrainerController.start_learning": {
            "total": 9594.2493415,
            "count": 1,
            "self": 8.692349900198678,
            "children": {
                "TrainerController._reset_env": {
                    "total": 10.5785806,
                    "count": 1,
                    "self": 10.5785806
                },
                "TrainerController.advance": {
                    "total": 9574.826317599802,
                    "count": 418183,
                    "self": 9.26932369957649,
                    "children": {
                        "env_step": {
                            "total": 6555.241151499941,
                            "count": 418183,
                            "self": 5625.846699800026,
                            "children": {
                                "SubprocessEnvManager._take_step": {
                                    "total": 924.0860419000293,
                                    "count": 418183,
                                    "self": 25.136624700420043,
                                    "children": {
                                        "TorchPolicy.evaluate": {
                                            "total": 898.9494171996092,
                                            "count": 408876,
                                            "self": 368.9625646996411,
                                            "children": {
                                                "TorchPolicy.sample_actions": {
                                                    "total": 529.9868524999681,
                                                    "count": 408876,
                                                    "self": 529.9868524999681
                                                }
                                            }
                                        }
                                    }
                                },
                                "workers": {
                                    "total": 5.30840979988632,
                                    "count": 418182,
                                    "self": 0.0,
                                    "children": {
                                        "worker_root": {
                                            "total": 9576.113557399718,
                                            "count": 418182,
                                            "is_parallel": true,